xResponse,yResponse,Loud_Mean,Loud_Std,MFCC1_Mean,MFCC1_Std,MFCC2_Mean,MFCC2_Std,MFCC3_Mean,MFCC3_Std
0.3433333333333333,0.2633333333333333,24.853181292687854,2.84704514131326,3.213031537634633,0.44600337560704034,1.195979078652285,0.3102341892338571,0.7641380744235601,0.35249880406218076
0.7133333333333334,0.53,8.684215640863998,0.9963543048048953,1.906871996048171,0.35646454042647435,0.1363650166653778,0.22969232025513842,0.4098468278512701,0.22458657080708402
0.5883333333333334,0.47,9.047370605785643,0.7260851917180026,1.4805318181540998,0.2251136229192457,-0.2555034913364474,0.22748668562863475,0.306741345072806,0.21991431798195343
0.16333333333333333,0.53,19.378393220835147,2.19917162450707,3.453754948484362,0.26682583548348254,-1.2114301908522356,0.35457348490615775,0.8559363030670188,0.2230374659003634
0.8683333333333333,0.30333333333333334,12.26656733116542,5.280863612643313,0.12153908394290923,1.159528614920186,-0.9690070412077302,1.0345837725321423,1.3962176337535865,0.6593539177514377
0.155,0.495,19.099775180387773,2.3842603608354,3.325903995017913,0.27519752680419224,-0.19369072728119716,0.34832647405169,0.32519979722232556,0.2766316939999915
0.6383333333333333,0.14,13.430475234578857,6.8382925816250015,4.063996277564541,0.70863253016366,-0.14453895393290664,0.921749050908908,-1.2360680984747818,0.624638837691066
0.08,0.3433333333333333,21.101896603692577,2.2158574441200147,3.39486060521572,0.2430266347383052,-1.9725888155492712,0.26785732793832717,-1.1141042949390125,0.3167559237323594
0.9833333333333333,0.23666666666666666,8.604444551886024,1.0635849105980326,3.47888867214094,0.926352326966262,2.0610346577387624,0.5725211831711696,0.04573668859919589,0.38123054289927316
0.9716666666666667,0.5233333333333333,7.071875939980412,0.7052120183674574,2.9403060918213555,0.32106399504494915,-0.06057887412050948,0.262036548997397,0.24186773398419745,0.2225175406616743
0.6616666666666666,0.5283333333333333,7.198423408243055,1.9472508156041186,2.622130099186171,0.385984278250081,-0.14241770062348094,0.47982891577370423,0.7535096475519844,0.4667704095868566
0.98,0.6933333333333334,5.981187781256381,0.5009974356050677,2.0801778634597565,0.26231634818439176,0.4273919740532811,0.25779544245629543,0.051426734063901976,0.25518257733447497
0.13166666666666665,0.03,35.01789190449956,5.834504319376713,2.325699047473869,0.38673545414693106,0.0706834742348949,0.2897578603508697,0.6431491813588238,0.2808388246864602
0.12666666666666668,0.21,23.1869969404633,2.4212293172530304,2.655121418584827,0.3102842819047721,-0.10823431643775847,0.28239567014879197,0.4054942344827879,0.31590411007471314
0.02,0.07,36.09071359304654,4.173624307801177,3.0108872494259598,0.41212050123980726,-0.1765740223011156,0.2995400538525271,0.5048257962701836,0.289206968664116
0.9733333333333334,0.41,7.151199950117325,1.308156644521883,2.9481792143105,0.5338904614373279,0.556624118264259,0.30976659427668224,0.42067514910109993,0.23491866554342583
0.345,0.31,17.544713183365833,3.887839609039182,4.7562541393035405,0.4045085553145562,-0.9730475393355147,0.8214348963775044,0.9481143003892085,0.6066959079226334
0.5733333333333334,0.5066666666666667,8.370860976316811,1.197395559739263,4.122246836165512,0.37758148489549465,1.1650754983511418,0.45352684492109446,0.6779056110025304,0.4085723528086354
0.021666666666666667,0.71,23.682456878343615,4.147064740050678,4.132674421827552,0.696139082778517,-1.1404361084085322,0.3275183437392867,-1.2181094546140943,0.33835056377305706
0.34,0.845,23.069487766044457,2.337588107488179,5.424805840570908,0.3673399209142597,0.578545050162597,0.2567528527683402,0.37661011496962504,0.28709042058646955
0.64,0.8916666666666667,11.061949522098125,1.3357684165747468,3.3675173760463166,0.42412733446584727,-0.217196554552846,0.29217307901718376,-0.2962935474171817,0.25614967395750177
0.04,0.6333333333333333,26.558251172650326,2.9579729539854114,2.894178392082144,0.43781485496794553,0.09128796311118181,0.24615286475385165,0.7550215430326509,0.30144963756554094
0.6816666666666666,0.5766666666666667,16.778433017343097,1.3981632375357362,3.8743756539042096,0.46868115589303544,-0.5133520601542417,0.4216353931836479,-0.18055529641119386,0.30794306627534423
0.035,0.8333333333333334,24.780365135179476,2.041024718185108,2.8997729336674714,0.2367169077344688,0.4449682177959602,0.20622569078674344,0.45347360734978504,0.20960832707457933
0.6783333333333333,0.9033333333333333,9.067242033283934,1.1375038076984456,2.690264703415049,0.49234115073438584,0.09389885932569876,0.25768345118640923,0.45520217279050856,0.2686211572248687
0.365,0.965,18.36625238716006,1.478450762752384,3.4583472072319594,0.2599468211834429,-0.37132365873598333,0.20085099528910064,0.4642571946270843,0.18129850487680943
0.49833333333333335,0.9816666666666667,3.642663695017171,1.3630004692026714,1.8304707617794866,0.8209879736867214,0.6869636868201157,0.3853261661628677,0.5442703956836401,0.26062807332564697
0.30333333333333334,0.7266666666666667,19.327590015492298,1.5577584907752613,3.2201116638013243,0.22700393241430078,0.37512096474358364,0.21083697582771949,0.8352418056815878,0.2128983018325234
0.37,0.4683333333333333,19.872722787858752,2.5588019064423455,2.6013800026264198,0.324113172575694,-0.6976373660777583,0.4124684847575989,0.4089177963454167,0.2883525030351545
0.12,0.22666666666666666,19.140560979360423,4.317479416329455,2.996024603320403,0.4347166693575409,0.4521997222899166,0.269089900893144,-0.08441902163045274,0.2615774929096311
0.023333333333333334,0.14333333333333334,35.67481089502599,4.154980167717951,2.3068488893336876,0.26831402876639315,-0.7262040411628207,0.2696786371750671,-0.7206416133698954,0.2817202808068048
0.105,0.13166666666666665,17.985790613115537,6.27149722463771,3.0607040909927377,0.6580769942817543,-1.3650639014582582,0.3982654330257044,0.08010238054240791,0.3201568258429144
0.285,0.15833333333333333,18.691108039585036,3.150967525559246,3.4535308087393584,0.4260619049573878,0.43223691876451886,0.3985184031968867,0.4008660617651318,0.5295699381188717
0.7516666666666667,0.7466666666666667,5.474695119302722,1.7909167511119057,3.1430912032049134,1.0399000803783578,0.9955742229239942,0.39353655294629575,0.27945666407805503,0.2826330986420716
0.155,0.041666666666666664,26.088876926696045,8.671805657492538,3.6966952985495216,0.7686140077809958,-1.1974748519989253,0.3018082239681303,-0.1644869284504831,0.24930212351373904
0.07,0.7483333333333333,22.444341672320686,4.143808856111089,4.0469814320688435,0.33797135560086006,-1.0581746200576516,0.32642017248112615,-0.32498950873290433,0.2431266554320168
0.03166666666666667,0.09166666666666666,28.36478821578735,3.3130646529636887,6.427740310138882,0.36389133491548603,-0.6090964769236551,0.2746995249767854,-0.8584455589675077,0.27906861411672534
0.9233333333333333,0.13333333333333333,8.057264992431223,0.9017877690174874,1.0649132245828277,0.4200244274536945,0.312751199340254,0.2879282025461375,0.920504038132232,0.3239313708683
0.9616666666666667,0.8783333333333333,3.8690439220613517,0.36291411434468757,1.2440047551733413,0.24171524362629554,0.8927344605091053,0.2111489629101641,0.41430685792041716,0.20365256804712106
0.5516666666666666,0.96,11.188871469730838,1.1500588479422889,3.903722670246564,0.2628334536602232,-0.738763106019876,0.27427077500148006,0.08508763630406312,0.2881503751033568
0.5583333333333333,0.8633333333333333,19.83042465869859,2.354207518016747,3.047911092896211,0.3034340550180752,-1.1588521153598323,0.23155474572306115,0.5371432177407335,0.226198678728502
0.37166666666666665,0.9766666666666667,4.40233379943762,1.554876269516719,2.320663879262918,0.7258976187111159,0.7897978417870579,0.45854046035966045,0.5466315969655864,0.2879231884687655
0.34,0.975,3.9023678666399335,1.4179795023725936,1.7639911181306962,0.7804898078847944,0.5028637555491368,0.43702551068703016,0.3972224984464329,0.499735172063782
0.2633333333333333,0.9083333333333333,13.274945460846197,0.978329217164859,1.7984488357799606,0.25898198296616587,0.6272627467256574,0.23020104235217415,0.1908840109652502,0.223124417115036
0.49,0.035,15.085383681076467,7.209812284691097,2.3938229849765413,0.5671101797603705,-0.31052931382419496,0.389803334679188,0.8457997820165979,0.25195186218970733
0.135,0.65,24.900665055205344,2.7399890865088006,4.1614704545094785,0.41411044913748374,-0.4582243871083836,0.3527067832650117,0.8700663602801403,0.284226964158897
0.11333333333333333,0.83,18.226174429127038,2.3175769140624425,4.762702302916575,0.29702042997781253,-0.7419005897389606,0.252302511615684,-0.31855865742991313,0.25290967843304735
0.9166666666666666,0.7783333333333333,5.6074687610574765,1.4438952554398419,-1.633403674732503,0.5430927557358414,1.9339576977199509,0.46683193534897877,-0.6903399823886999,0.4463710374362762
0.93,0.785,5.440615890523413,1.5411389445614163,-1.55253877111653,0.5895883520953726,1.7196691228115109,0.5515247503837608,-0.7335527822829024,0.4979420475582815
0.44,0.865,7.955782691232596,0.7233192431083281,-0.535264316166053,0.41687151136208966,0.431189926535269,0.25624082451836167,-0.27380743184880524,0.21665219086265247
0.40166666666666667,0.9183333333333333,8.843845806069403,0.627889957900376,0.02830252715734055,0.23155724736931688,-0.11312256054073515,0.20835492750991924,-0.5938338765790084,0.22369103801722787
0.3233333333333333,0.8283333333333334,14.201698052850935,1.715609396055596,3.6002734222254316,0.4007214339808057,0.5446968737414303,0.2952150484506499,-0.22483500145784277,0.273211933513571
0.20166666666666666,0.8066666666666666,27.040514750667022,2.7612108236229145,2.3457092226724052,0.3241374019788311,-0.5017034382425005,0.23924505658796197,0.11392864567551171,0.20613166732827704
0.12166666666666667,0.9116666666666666,22.5072231044106,2.023737819578121,3.629624059909645,0.22718041683903878,-0.8181027794944741,0.23187980006411057,-0.010243583208497544,0.2095980179876002
0.4666666666666667,0.24833333333333332,11.577208174958901,1.464474783442428,3.636762017710146,0.48459732394450855,-0.7918283621637578,0.3725271577114265,0.3476036492650224,0.31499352524060603
0.37666666666666665,0.8783333333333333,17.274603992005694,1.3402905439774833,-0.11117348517037483,0.2696445748861809,-0.6321906254297718,0.26251474871613467,-0.00865861348683688,0.20286379252922693
0.20333333333333334,0.5116666666666667,14.120696236517718,2.044895775055313,3.2375320097643283,0.5954047923927921,0.9896442265629862,0.3572631292355486,0.6571516742440369,0.31208664881428894
0.4483333333333333,0.5416666666666666,8.1699355860003,0.8355538827772396,3.0267179034836316,0.31640766174872,-0.11828518886694404,0.28344525827968275,0.15066338648164387,0.2430278467430734
0.6766666666666666,0.37333333333333335,8.352739900877005,1.1781165064678714,1.80940997925535,0.5754223143181109,0.09927340875624213,0.38457941900929027,0.07044168149210722,0.32204039688306085
0.21833333333333332,0.45,8.83452920667451,1.0201006020054093,0.767556819852992,0.5462562940905735,-0.6405440034220015,0.41825861415221544,-0.023729001925992352,0.4436504435553363
0.01,0.15833333333333333,39.420361985957406,3.2599707635103847,3.408410779435852,0.25021807646356886,-0.818839417733173,0.21768676076250693,0.589641347247465,0.2356965494892311
0.6933333333333334,0.45,16.31701474776508,1.4531062009954774,-0.6039565236856425,0.31518925452698365,-1.4002612195072663,0.3404429637827095,0.4170545378389106,0.42597885693123
0.64,0.49166666666666664,17.247012886504084,1.8636423095201455,3.1449679573023164,0.5884895000004264,-0.007140200547872865,0.34754378978236306,0.035443437255905826,0.2748329799304286
0.8466666666666667,0.2683333333333333,10.627888334761796,1.8874685168993888,2.985391732794359,0.551655714203627,-0.2184155998841724,0.5894053245067141,0.49941000754005765,0.46493958265500873
0.845,0.33666666666666667,10.890832351505788,1.162538745236601,3.36715200913295,0.3235768289333625,-0.16106157474100646,0.27526187595097773,0.531487318841134,0.30208084827232423
0.7066666666666667,0.14166666666666666,22.29960189218618,4.799386232381516,2.8189860452937943,0.4141830057809894,-0.9859673005501098,0.39971808592818525,-0.09185000839674044,0.37131612865574376
0.3933333333333333,0.25833333333333336,17.5672900516464,1.9947209123690444,3.742512160841194,0.4333546358035938,0.35907645385295084,0.41480401347131524,0.6372688283062892,0.43028684313107596
0.04,0.6733333333333333,24.561038698793244,2.7310309930190537,2.409095818322823,0.3072211245140787,-0.37887341939439717,0.304457482914356,0.18063270089328523,0.2772086701044091
0.03833333333333333,0.115,30.677623095558758,3.550216489661178,3.012096200290446,0.29595301846988115,-0.7748055737336789,0.3645039037248917,0.21168447700723203,0.2426782268889393
0.06666666666666667,0.25333333333333335,17.000881205230517,2.5951322183114143,3.9338072869023066,0.5763419058304321,-1.2345484030563976,0.3673299172796863,1.2304152210378945,0.421374620901979
0.023333333333333334,0.22333333333333333,21.40910405970477,2.7787731688613246,4.6223770161339095,0.42399998015255685,-1.4106015038409108,0.390795380718738,1.336533338127635,0.28686342643882057
0.15333333333333332,0.49833333333333335,11.272746934176984,1.6415960532239275,3.9843569297228574,0.3872721400904392,0.11486577879580745,0.4419036793449973,1.3881699463875201,0.3313686068639567
0.19166666666666668,0.39666666666666667,19.818918872064682,2.4193514334849486,4.293672145510535,0.4204745708745086,-1.4599834146812243,0.3558989591442918,1.1397221181269106,0.32860687730476135
0.08666666666666667,0.515,20.8607549795072,2.6004893145169605,3.0573653036833623,0.29867050755248964,-1.8684319871465598,0.27933510317226934,1.1159219426564033,0.22659197304046103
0.7716666666666666,0.8983333333333333,4.564836069593193,0.7144989871619247,2.5754824378318832,0.48302895114553507,0.979774957890507,0.2318186562192198,0.5426629057689504,0.26964089914668565
0.725,0.97,8.146945185241806,0.7264632618990703,2.984254505219157,0.3182607834773837,0.059929916980440506,0.24543846838714797,0.32821364099093686,0.23264568767350274
0.5333333333333333,0.655,17.078799465700488,1.3357978931173222,4.268630570886054,0.24559625682306396,-1.0879363147957704,0.2145525364590235,-0.038840179011638026,0.21008356921965865
0.09166666666666666,0.44,34.77545237498185,3.614689402303268,3.1117631218574355,0.2930850365581714,0.03480226762799097,0.27763844358900247,0.2708565501473037,0.2725003690518309
0.14333333333333334,0.25333333333333335,23.17137106465289,4.770446359871773,2.7514360375459415,0.6143539215735317,-0.017533695246790132,0.34753600862295214,0.7889579703008458,0.3043772398770662
0.08666666666666667,0.74,18.12207692054443,1.5644411651496573,3.621179296778592,0.2217985084262605,0.12296941606675378,0.19597613288564775,1.1028689557116715,0.20292962545775195
0.6266666666666667,0.24833333333333332,21.09087911061511,2.0624657479092128,2.9505235198380713,0.7263414342817399,0.3655571921581901,0.5099936614416601,0.8676388932124373,0.5005056251583817
0.505,0.7816666666666666,14.050378448906967,1.4843943269524702,3.366003887947623,0.3978548390370779,-0.1276392822934305,0.2790958487671835,0.22260437947501252,0.2481431154624527
0.07,0.06,35.742536937775455,4.9884362478592825,2.0858001873080907,0.2703488099090022,-0.49664620637664475,0.20804500453942903,0.7833153519966902,0.20518409044811317
0.05333333333333334,0.27666666666666667,26.254558103996033,2.7717688077135274,2.386677342932059,0.29101694226030256,-0.9267449397076484,0.23927371019211371,0.4751996767906112,0.20728218255886774
0.06166666666666667,0.13333333333333333,32.32999403043014,2.9841412658009716,1.5688753422120372,0.3318356843168246,-0.17901990186788996,0.26294822896718073,0.5579310688768474,0.24935234335271855
0.24,0.03166666666666667,23.58631619212487,4.866996124165926,-0.6964945458381085,0.9292095725500205,0.3017330756516592,0.5053015741599404,0.2111951156381129,0.7345718246438319
0.12,0.016666666666666666,30.731606368898795,3.2695155450283355,5.209518799950078,0.5000305549380636,-3.0794597126488923,0.6815038488744288,-0.798455662526246,0.4759529345529931
0.6183333333333333,0.495,11.342846215483164,1.3274567453066957,2.4579657267572994,0.4248626732169207,0.49023852762090586,0.27814643435207664,0.14014396369813165,0.25788092785955397
0.7333333333333333,0.6716666666666666,11.141779598432633,1.1880069641631503,2.7021079588766614,0.4708232987865855,0.15749944902094792,0.3498829010128845,0.01864645095733809,0.3637224027908833
0.7316666666666667,0.4116666666666667,23.657937142161998,2.278594322682586,2.8855348438246997,0.36923641686009967,-0.11921472853266092,0.2648884706490429,-0.028018566783719178,0.25737865189482484
0.5633333333333334,0.9583333333333334,7.928006804875588,0.8175911763880702,1.9538314767514875,0.3400408693234869,0.10788639762419171,0.2716182247684826,0.3153660353539141,0.25644004518726143
0.3416666666666667,0.9216666666666666,13.51753672801118,1.5554382682098373,2.4264818772354055,0.40209873906401905,0.6806059649716786,0.26987462870455986,0.8829715040008161,0.26145986450247133
0.39666666666666667,0.07833333333333334,25.800232426057587,5.8712103371111155,1.9612704666604737,0.5228704779461822,-0.886823723589982,0.5206651045529552,0.7248400211217094,0.47694129871371893
0.37333333333333335,0.64,15.204044179849138,1.2471307098170559,-2.277323935946398,0.438865933853531,0.5381905868238891,0.3342647312773908,-2.182878111433832,0.2750847664612668
0.6633333333333333,0.5966666666666667,10.353154544807008,0.9740151472986858,1.5030814689813825,0.36976346157906115,-0.33506153072402145,0.30076761751824543,-0.0892076295923425,0.2401609299069786
0.665,0.7433333333333333,18.346294380474095,1.4728224788546267,2.3749664843929943,0.22120797688277238,0.7761258496957842,0.2047576101464979,0.21973798336274555,0.20833297143491955
0.83,0.33666666666666667,17.454414809251755,3.590596357982873,3.7824749152804404,0.6177376234754285,0.6603352163904229,0.3589884972508412,-0.1827988388999882,0.3505242758834136
0.7033333333333334,0.35333333333333333,19.568639855898432,1.690197391124304,2.6841978842314105,0.34119319986596836,0.6315795285256753,0.24741599421205784,0.1326519165095778,0.27707137401951165
0.8533333333333334,0.2633333333333333,13.72164133908709,1.5183325330290065,2.7969909831177664,0.5817436777589399,-0.3463307238336863,0.6373217977091038,0.3626096757755294,0.5183420708244446
0.018333333333333333,0.013333333333333334,22.855874847735432,5.407592096356385,2.4572598429661734,0.5030370948114317,-0.32852895740979987,0.2994354192155366,0.2824673731235795,0.29038572679406033
0.018333333333333333,0.25,49.61337610272635,4.449218709014402,2.9788943565520016,0.2369962156887951,-0.5012642129196987,0.2481158081734082,1.1990007305496964,0.23116143103688788
0.27166666666666667,0.115,25.312083025821718,11.122554966722706,2.2041085513597953,0.5787164248074634,-0.3907673166317798,0.31475950001098235,0.6131401963113741,0.30671505149892325
0.46,0.9566666666666667,5.047037787354678,0.8179165385242192,1.7086323263660523,0.33291926470851835,-0.17017642477908412,0.2570109724644551,0.04784110284180512,0.27519510239674966
0.7266666666666667,0.8183333333333334,7.26082238164106,0.850514777295666,2.49758958185213,0.5075828212031086,0.4214149997367889,0.33832521889668377,0.17374533856516883,0.3262445041441277
0.76,0.23833333333333334,13.044976195970479,2.4269510567427566,-0.7050466412581903,0.9419858835177408,-1.4947637677450594,0.9122434400880005,0.5247858843335668,0.6906911058000802
0.17,0.145,34.03338709904403,3.4917063161614346,2.470543555897184,0.23328269890180822,-1.2399900209420436,0.27376534557862936,-0.10123879662589154,0.2573922081814914
0.38166666666666665,0.14166666666666666,29.23914372752984,2.589720790736739,0.9432621574314086,0.33236361738833,-0.4659523889833862,0.3525642987963594,-0.5194269294906649,0.36518615048078407
0.34,0.305,14.116783969666363,1.8101076165006011,3.03346839742382,0.3890874158756042,-0.12433341797453178,0.3529786233859527,0.3394077364377129,0.29539212308428836
0.555,0.595,12.69995833708175,3.506153039179084,4.3844847402885785,0.4332202129508164,1.0037830782279373,0.3858677536260949,1.0863094876927193,0.28850589114360004
0.6533333333333333,0.24,10.667666324903367,1.4770998808003333,2.4360171040516025,0.5618341718743044,0.4586927237116749,0.3639073631179944,0.6556118169796471,0.33738210241401184
0.7066666666666667,0.03666666666666667,16.16986951836643,3.747603619451534,-2.702220355889269,0.9644632776553194,-1.00744896858427,0.6825495207243509,0.510373606133927,0.505881200135752
0.38,0.5033333333333333,11.14357082699293,1.1172778419069538,2.649190494549402,0.29143802128039664,-0.13132034790560046,0.328230308995448,-0.00662775344487869,0.30002268469646715
0.035,0.24666666666666667,21.21623286898351,1.899140282263175,2.4399954867742584,0.22988535145753328,-0.784508004703152,0.21949327313932435,0.4418132552948888,0.21759601327474223
0.023333333333333334,0.5883333333333334,16.192684810190887,1.3994798309273728,3.3131433712150113,0.2696114076754997,0.2621533724926936,0.2244370265431776,1.2540298117805102,0.2112580249570114
0.023333333333333334,0.6183333333333333,13.539433378102746,1.5289271349287354,3.440139657522957,0.3106131282054402,0.3275958966235229,0.22311346316305297,1.0813195266823503,0.2011322197279535
0.20666666666666667,0.6,16.173971804993588,4.47144946989307,3.020718144006437,0.24606451911908178,-0.14037138503291355,0.2945249716237739,0.48276688812147,0.2555912614628476
0.73,0.25,5.662068414099022,1.848590939169181,1.5897812846072852,0.27194159543905133,1.0684456629023626,0.2617177521912543,0.18290392895206545,0.23370613258933706
0.8516666666666667,0.29833333333333334,9.424230103110917,2.05455173217161,1.6199784724530455,0.4874539973334705,2.510790241594508,0.39675549942681154,-0.880665544639517,0.33398923276124615
0.8566666666666667,0.725,2.770311700747239,1.132605578032936,1.143684813813962,1.0574352813144985,0.43715155265587496,0.35347610815528024,0.30808274886606135,0.3060269966944302
0.3283333333333333,0.285,25.93191678264442,2.9155226479850196,3.5822062775483685,0.34148025405399635,0.41891433127694433,0.2434679826770697,-0.02323856762170212,0.32003743187044065
0.14166666666666666,0.25166666666666665,24.238472044899062,2.3067254015354717,3.5586453771995834,0.31501521075643296,0.5740796572356524,0.27281655201764804,0.2611027944025836,0.2689736048410212
0.9733333333333334,0.04666666666666667,8.631757668797505,1.2942337886349171,1.673425199460474,0.6140256893480734,0.547748291620741,0.6862852657093703,-0.06709804205975077,0.32600865267007223
0.93,0.2683333333333333,5.567295358031959,1.0334110914357109,2.0569857034061694,0.510774314256738,-0.09065139039415392,0.5710358141096515,-0.08529181087953504,0.4480986929487369
0.655,0.02666666666666667,6.9566053937062176,1.3683079209061884,0.6142210551062312,0.5283722585300997,1.9753125307324453,0.4972835599092324,-1.322247421940215,0.3907111183700642
0.7633333333333333,0.5783333333333334,9.633986528276878,0.9788910774989316,3.1853172727283408,0.4161077050263019,0.13652370418219617,0.2999751613997907,0.5024298022312034,0.5295479488776461
0.5966666666666667,0.965,4.273729743176251,0.4474762526408674,2.188459782391615,0.3111483360984853,-0.09500961502365089,0.2287434916887868,-0.030544131638177763,0.20789644879143285
0.6283333333333333,0.20833333333333334,14.125633275359695,2.4272880264793266,4.254558857044476,0.4448545193755753,-0.12099693889114344,0.37377546424660707,0.11884675327168358,0.37770158726033054
0.6116666666666667,0.4116666666666667,7.8206486810966735,2.283894651268933,3.598969575007229,0.8489590265296617,0.2068632097935242,0.3688696203500495,0.3374541397996783,0.25901464306683164
0.49666666666666665,0.25,14.327928968936373,1.5622791971014978,4.11808347433106,0.40527628366781304,-0.7596608588760286,0.25468041204847447,0.24308186500702866,0.27166311185580166
0.765,0.12833333333333333,12.209962721471731,1.9753323537299472,4.381299428331953,0.5229164025885706,0.5001287292982819,0.5190707910923562,0.4840724268221072,0.3614625152880315
0.38166666666666665,0.12,18.431266372360742,2.0374376927974054,4.577718319831292,0.4511943327947916,-0.2263768573833577,0.32209341202006525,0.316775868995684,0.2952359944792634
0.19333333333333333,0.24166666666666667,18.979206169910576,2.4880167514288756,5.431434445378951,0.3422945456200353,0.27707716251867925,0.3451887389657136,0.3214889683175722,0.33676061533524143
0.355,0.235,14.893232611595964,1.951183827683192,4.553187095131465,0.5289423796032875,0.629328881790253,0.27156468242187654,0.4638118385018853,0.31472141080322713
0.17666666666666667,0.035,11.768827727209958,6.26223130741269,3.206130706566012,1.2944760514210525,0.11661329280300327,0.4394123203416292,0.18230976136981816,0.31691731948778723
0.4683333333333333,0.8383333333333334,8.75711579948608,2.0887744514569087,3.587181182564235,0.3042388310620675,-0.07946893989691786,0.26316810227434584,0.2735470385409115,0.2627547789585459
0.15166666666666667,0.6666666666666666,21.013767307207928,2.816973696144047,3.310190132094132,0.23180869086565023,0.23849555179915985,0.22666859753854937,0.41330279965669003,0.22378736577222552
0.04833333333333333,0.7816666666666666,17.05658605221666,1.5851251546805547,3.8096979901567534,0.2393163894987889,-0.2795717501020486,0.21961512267397046,0.4456605216895573,0.21582090779446036
0.355,0.72,11.450456352514173,3.4350518366371943,4.646841933975112,0.5882021146539632,0.37292089592719146,0.38198213449721463,0.40213036819267506,0.3368123036419231
0.5666666666666667,0.42333333333333334,14.936652723049958,2.052034935502332,3.932989558885573,0.46076490597362346,-0.6574722378614387,0.3354050744653153,0.42820255817556424,0.33001598535047033
0.58,0.345,10.19037253942203,2.6660466914203793,4.481024902377364,0.5480194229487343,0.27276454709612347,0.35681538387701106,0.16858404782981778,0.39405712772517243
0.46,0.07166666666666667,21.974229274356585,2.3106226912012353,5.286500672029086,0.3608895374183795,0.5224430191928996,0.29202203797362636,0.487716228199004,0.31650087770762303
0.5,0.17333333333333334,12.730064010260776,1.545973379032613,4.820684466978611,0.40096012433541883,0.48662859725083274,0.3072971244547466,0.4201085332391667,0.3566255907513935
0.245,0.42,21.536350746988884,1.7210086146032613,3.5020016510469745,0.24668078777464478,0.024275539063658667,0.2130770385634493,0.32778777310913615,0.21334256322896203
0.12333333333333334,0.595,19.775640807740107,1.6792887663156892,3.935569175414415,0.2568796458448753,-0.4790092088379184,0.22226343532446077,0.3063550546269948,0.21610376684036356
0.05,0.4683333333333333,22.564656569450886,2.59697012526366,3.752348370389957,0.298018275511886,-0.24447521993540072,0.27425137173661873,0.40039141416357843,0.21318365860787197
0.3383333333333333,0.39666666666666667,13.708676265770585,2.073208670070523,4.325168314519098,0.5154210110653515,0.5779000713248039,0.3357238294252957,0.601355796065389,0.3416876640399475
0.6033333333333334,0.2866666666666667,15.761838256508366,2.288373082952722,4.74233307992666,0.4123981977963052,0.23670696801821015,0.38828069729789155,0.7460246903635263,0.4256400965770102
0.5333333333333333,0.375,14.824058359066926,2.0361488583439784,4.232452055774486,0.3823962132806299,0.5861438309283744,0.3569758475228538,0.41075852379679884,0.319787749689366
0.39166666666666666,0.6516666666666666,6.483326756175869,2.09159028553216,3.628332430350575,0.981822166645863,0.6071894191502966,0.3845797452028809,0.26139005342991184,0.3471635316463923
0.02,0.8016666666666666,20.58929371218637,1.961132687720481,3.318329007770286,0.24081855059892507,0.32117479061005977,0.22210212775435959,-0.18688030497474475,0.22263994614041227
0.011666666666666667,0.635,25.546440727307655,3.429751786254336,3.289131584917084,0.24433312878307503,0.20909727782183235,0.23569067793483656,0.3996297355741158,0.2246421815232562
0.49833333333333335,0.9833333333333333,3.7999135804669986,0.40192582260484533,2.058698000994767,0.23935889574359515,0.5030111563891678,0.22170271918712375,0.4759992676628384,0.20322666894598912
0.45666666666666667,0.9783333333333334,3.49372626125909,0.3489761092420264,2.214136094131763,0.28859110942375193,0.8945216575822506,0.2022092581649449,0.5346556653079172,0.2427736048813924
0.4483333333333333,0.9783333333333334,3.2806822869653334,0.37003842203946613,1.6701639037239338,0.28176184750338246,0.6733020783779639,0.229898213268464,0.5085227845314129,0.23097351941103822
0.4483333333333333,0.9783333333333334,3.373288349973507,0.37781489416346276,1.9929435118729282,0.3288086446642477,0.7737391229075236,0.214450219294058,0.3753437471506633,0.24750011333002847
0.35333333333333333,0.9833333333333333,9.069275430042525,0.766541821147341,3.8810507080087735,0.31812864686029196,0.3907937007335905,0.25120047246472,0.07790421700685471,0.217227724999843
0.29,0.9716666666666667,8.555693947408292,0.8961771172985805,3.895356721768432,0.317115914920237,0.2489876237984898,0.2593576180446309,-0.1705437547600902,0.24070077660246492
0.255,0.9716666666666667,9.839198760601926,0.9967825151664899,3.0522688743891804,0.426662413071625,0.22367514193171772,0.27016343686039707,0.10924830131262926,0.20965353466023273
0.23333333333333334,0.9516666666666667,9.637893773956455,0.8354888042253432,3.4654877928395815,0.2527531495498593,0.15967125992166056,0.25594136787044763,0.1459603970304855,0.22752618570721836
0.5316666666666666,0.4666666666666667,15.063588674963347,1.931376836272152,3.5267437179489636,0.35056044250506,-0.031031915263893563,0.3388138647995143,0.18222699793204084,0.2976123567556635
0.475,0.40166666666666667,16.83399971764621,2.41689014914032,3.508935344139807,0.4889590316836728,-0.16330434167871205,0.3680755677465407,0.36433213060747954,0.3477727031031886
0.36666666666666664,0.35833333333333334,19.54457081649391,2.846967485750881,3.7140149319246745,0.5012451428616057,0.1901937166606914,0.39563026892125214,-0.07004749091277414,0.3578908756398848
0.5266666666666666,0.39,10.615720481387838,1.5050560137380773,3.736693610089749,0.4408606099861398,-0.47865874687918775,0.4873502070189089,0.14497631197368135,0.4081536430523938
0.5266666666666666,0.39,9.940232651152188,1.3339430805561667,3.6007329462964694,0.4194354722482163,0.36896415815707717,0.38348537043598396,0.2617304723266546,0.3777437445346559
0.5783333333333334,0.36333333333333334,9.694324536831923,1.6036765434149753,3.396195367324738,0.39630359357603256,-0.0599830695914102,0.5092727634130202,0.2579647483096165,0.35772863467045063
0.02,0.018333333333333333,32.17131067077491,3.8046615955967473,2.9077106999377067,0.41462713570363346,-0.4538184590845857,0.2967865989357019,0.03549837636549376,0.21879323131237488
0.23333333333333334,0.4166666666666667,13.63251366481213,2.429749524609461,3.7999137550461692,0.25091084914632333,-0.42220557380825613,0.23313081453285459,-0.24652915587256444,0.21451443594211927
0.03666666666666667,0.015,27.392654893936083,2.8215467310236884,1.5608838480614802,0.4586812907261206,-0.6596260627746597,0.40737332583064445,-0.2287602909363671,0.37090874939146473
0.018333333333333333,0.11666666666666667,21.494360404373108,5.370974403867361,5.16009165464354,0.3280166885202248,-0.9103342615031914,0.29783948204714406,1.3012110922098457,0.29090834597605025
0.4066666666666667,0.21,7.755364921215081,4.388721164099741,1.8548301106057965,0.5430087873196615,-0.6930611564412437,0.2898706764186859,0.2761010488094721,0.2788822923870637
0.565,0.755,4.903866985934856,0.572949574268397,1.4228992900960897,0.3405301813926603,-1.2239275279724473,0.33799690188258236,-0.10786807507065652,0.27255195184696746
0.5183333333333333,0.93,5.81055309229587,2.6145271500712433,1.761027876047843,0.7134488955399497,-0.39512846084693565,0.8795595764090034,-0.02992623780562287,0.31456544757664145
0.845,0.89,13.433851682423587,2.335807422627945,1.1445328012572258,0.29411800463124954,-0.800685171290448,0.3316695788630659,0.08116622195630593,0.2533472293283707
0.015,0.01,45.42453561079248,7.096798155536694,0.7289077543061994,0.4697140001208704,0.057308335283095826,0.35217084762055356,0.0747052292540452,0.3024184599266224
0.016666666666666666,0.9533333333333334,29.623968275622655,2.374374781316607,2.33608063592639,0.25597258004744017,-0.5515736761872809,0.2254752375713682,-0.3638689722158075,0.20953708852357344
0.035,0.6583333333333333,34.972802365575475,2.6169423558057727,3.568387344976645,0.23442493030380612,0.48180786384623586,0.20975750021049142,0.571794102109863,0.19946593521143186
0.045,0.59,31.186783283100862,2.639525343559153,3.308235489108325,0.21135582195478736,0.24493763124303528,0.21401289650589367,0.4021000537564014,0.20633062998661164
0.021666666666666667,0.975,12.72566587152167,1.5696408970427054,3.367472321273569,0.286114570341179,0.6041398672776522,0.23709671416957823,0.4961138140547057,0.24033120225159213
0.49,0.98,11.35565998587221,1.2855760462329178,3.0221238932796584,0.3914329594471922,0.5186575787199111,0.24941799470137496,0.11258605503017463,0.20856018429298706
0.21833333333333332,0.8933333333333333,28.425800888121376,2.371100620536982,3.1735461999424586,0.2539055021993798,-0.13245405955787143,0.22479811653386875,-0.06289392991094293,0.2108987017674957
0.36,0.945,21.110930571841262,1.7191930802600692,2.2402079794608434,0.21706623150287058,0.482456165175349,0.21035805405972174,0.2926136243014683,0.20270258966947918
0.23333333333333334,0.45666666666666667,23.841620066505584,2.550568162792033,2.1490772893759833,0.39113640739644095,-0.3214290753792534,0.3782970487468594,0.6028472302333333,0.31540959761899395
0.035,0.9683333333333334,18.499314635724357,1.2426003712584723,3.9804016720658484,0.18482429037300482,0.8008111715812724,0.1577428345409237,0.8460037344485045,0.1815687491654822
0.02,0.9783333333333334,21.07416439492795,1.3705743988968855,4.265826062669619,0.17444538721246788,0.8758850912213361,0.17100078699114496,0.6673033044136125,0.16750532722657166
0.07333333333333333,0.975,17.73383675794502,1.5537744983359296,3.2413858161086724,0.29786972482802826,0.4244912533911153,0.20526247196976546,0.3711086038797069,0.20843536354702863
0.051666666666666666,0.8666666666666667,32.60276302234766,2.998823476708075,3.7456116091302736,0.27932589956327686,0.3902815879743995,0.23153763713305323,0.2206074559650416,0.23603894962536145
0.02666666666666667,0.9283333333333333,30.274787111165423,2.6437628358216156,3.7433160124509515,0.25707081749656463,0.28010788268326886,0.21534687305399752,0.37500426663298364,0.22205850865622115
0.28833333333333333,0.945,15.625587283479671,4.32981822275337,3.8587301861429295,0.27759135941775775,0.6491138217706349,0.22464184149208338,0.05004128811494994,0.2187601760819981
0.205,0.885,30.881820157969518,4.245023992974811,3.294556956689789,0.27266287192463773,0.5092375044745462,0.21154108205053218,0.32781619496137404,0.19563357702992298
0.49666666666666665,0.9083333333333333,11.670706742861013,1.0684234306993974,3.370156670464427,0.3455728484878736,0.7009914197217516,0.28853242597297035,0.40269063359908763,0.246776513143456
0.43833333333333335,0.7983333333333333,18.46081046620876,1.6100280173798516,4.01283822443742,0.23720332399728505,0.10720751609622615,0.21438187345257015,0.41359297977521375,0.2016966708897905
0.15333333333333332,0.7116666666666667,23.87160460985343,2.289667235833268,2.4977307870663457,0.37725870084489266,-0.0239727429244872,0.315816013225332,0.1779997699308913,0.22411223454291926
0.055,0.8466666666666667,32.41759084072584,3.9949329832205653,4.484072975143552,0.25078805895176653,0.11499271765150744,0.24955851706243745,0.07067672356807199,0.19987325616495805
0.051666666666666666,0.8966666666666666,22.340514608613873,1.961136069922532,3.5144570164928655,0.2644090072811902,0.38794958767467363,0.2326777569227722,0.15009702909252992,0.22467215520230435
0.16833333333333333,0.9216666666666666,17.345551668664477,1.4015669118220107,3.218139504281787,0.2137046786589702,0.19927608027262284,0.2046592142707013,0.10436685639555292,0.20597454939321305
0.02666666666666667,0.5616666666666666,34.380616000257845,3.324280916680211,2.936222727222864,0.28988294024571815,0.0801955936420134,0.23304167947162052,-0.5274438961912451,0.2553043631215499
0.023333333333333334,0.37,26.73176116306612,1.998479354515861,2.0229174435691166,0.2294085774165383,0.856842625951285,0.2179978883650014,-0.24128493466218578,0.20185736122186554
0.8516666666666667,0.35833333333333334,15.622347124272158,1.6791016787745057,2.803968351826914,0.4300449806272918,-0.7453117210271665,0.3725059720722326,0.3915098429512265,0.33830657228404637
0.8983333333333333,0.32666666666666666,11.63967374760282,1.4119345615151537,2.772086906811472,0.6545475355252746,-0.2701422929169703,0.6481288019304704,0.04492078439369742,0.37793740126241965
0.6566666666666666,0.32,17.03748477237524,1.6254081346757665,2.494804088810004,0.29029637969643335,-0.20451048365693003,0.30423711222808264,0.38391104975237905,0.25557508849106025
0.3383333333333333,0.2733333333333333,20.349194396401355,2.0915705853634505,3.548077011202936,0.3215081052283548,0.38682011373570196,0.28042812661797567,0.6428066003947167,0.23341559838013748
0.5016666666666667,0.08666666666666667,15.614351353130196,2.8256552688632866,1.7180741333797116,0.7689912663628244,3.0235286479425896,0.592610458581672,-1.0701602800342207,0.4184617506082383
0.515,0.10666666666666667,15.78083345776139,2.7350917627217695,1.8394696451168535,0.6209776464668202,3.201540958402444,0.5071835024367528,-1.1130413107814945,0.37414259521202325
0.5166666666666667,0.15166666666666667,7.837651613358929,1.4199030417614535,1.4710630195976895,0.5855623177842127,2.713168314088443,0.4418616139161395,-0.662452561305936,0.35650858193529816
0.49666666666666665,0.725,6.704278654967988,0.9117280216227529,3.761864783461235,0.3876212847070131,0.3016022462394965,0.4244514283886086,0.14439824389323241,0.2741211633840268
0.42,0.7683333333333333,13.51675811285351,1.233605533569191,3.8928648035989593,0.40096288470781166,0.26946826410678454,0.23264434168752093,0.7668048470455449,0.2357471705652105
0.023333333333333334,0.7416666666666667,18.006091252483387,1.340543149066323,-0.20099073630037934,0.3395439417010551,-2.227112295761223,0.22584295700776638,2.0453528338087668,0.2510489350768277
0.49833333333333335,0.9133333333333333,7.9697441516152905,0.8073649577393477,2.3401098600002346,0.33287662499846454,-0.3590311888390896,0.2440908030033716,1.0240099304762444,0.30224792578290166
0.5633333333333334,0.835,9.911697544118615,0.9401458411428006,1.4104824086456889,0.3952432451929361,-0.03495680313016554,0.32722954182827085,1.2654211797106092,0.3171900238960073
0.2633333333333333,0.09,24.693223777979302,2.0364474001314523,-2.2170115695704866,0.24781019686748648,0.6700248064441598,0.23589030090273777,1.9592258532207552,0.24191519057320623
0.44666666666666666,0.17833333333333334,11.173906030266254,2.7153771663523574,1.280704155113735,0.7562052964757355,-0.8147548711119275,0.4609439287272643,1.4111001111572212,0.26768744628703034
0.14,0.735,20.632270484496186,2.2225099326248356,2.294562214081257,0.35020470434564066,-0.23441749462866657,0.457826430495738,0.28637101614073884,0.23918393275681024
0.20166666666666666,0.8166666666666667,17.30564122397898,1.4383995087710275,1.6638678621669352,0.25807469681878686,0.03270282318175776,0.21665489936524512,0.3276753267867942,0.2286229061953907
0.028333333333333332,0.365,38.26695921587747,3.0907018121419503,1.4155671318937424,0.2588646971767726,-1.166272369118009,0.24666953779911419,-0.3344062752090885,0.2117186683024947
0.49833333333333335,0.9766666666666667,5.7047510712767275,0.6267676607684567,2.43159763328953,0.2725349131045107,0.8594780724515626,0.24057069253011254,0.8144915662921529,0.2408463245987628
0.55,0.9766666666666667,6.200026679479799,0.5413857943467048,1.7388570538627441,0.26211453113652755,0.3865263909898251,0.3287650393993812,0.8437968774711273,0.20924634192134414
0.05,0.315,29.96096653143475,2.1798917035992673,-1.2309167306398743,0.26089250912790496,-0.06542058622692558,0.22871287742725088,-0.02281080680291414,0.21287802106736162
0.12333333333333334,0.21,37.225409880494226,2.879391449414685,0.3729515132769468,0.22447763361694922,0.7445621109479791,0.24014924806708254,0.16407918159537738,0.23112147990115545
0.375,0.2866666666666667,13.711518841275126,2.0440276677515237,1.8294306535613891,0.7019193228855134,0.5458062232644766,0.3404832083406117,0.292895437567491,0.34200798399135474
0.23833333333333334,0.025,45.978205712193216,6.178484749849599,0.9335615057829298,0.48696184188196445,0.14491198016384813,0.2992157189833323,0.29184490156091053,0.2781323671159575
0.24,0.41833333333333333,18.431839591299447,2.1126140096622508,1.7697755103059996,0.2909698639962014,-0.11159368842641397,0.40012381580955486,0.3375326810645646,0.33963854325525167
0.215,0.6666666666666666,14.182425573129576,1.2231977681019421,1.7429910157835862,0.36538027761578035,0.17015590587882976,0.2532953485783592,0.39101077086419983,0.23193420411037416
0.5,0.5733333333333334,17.686516301161426,2.086229736279807,1.0368832470736606,0.453739921562498,0.20310277470889765,0.39043348454608107,0.34079410853201025,0.2794115807505472
0.03666666666666667,0.13,47.16900736267308,4.141175390069064,1.8092909390136567,0.309181255241922,0.04968299813348278,0.22081083007623326,0.23193536447227536,0.22234228893647107
0.26166666666666666,0.38,12.727644576310974,1.3618010233458713,2.291625419386165,0.41475314286152215,-0.20583704110412562,0.24774519787786153,0.46877797602751065,0.21812078165841786
0.10166666666666667,0.08166666666666667,27.9018914666367,5.280930445874462,1.541461512602482,0.5796778246762506,0.35226416130993976,0.3815826368946981,0.25848595923203793,0.27625873158464864
0.13333333333333333,0.14333333333333334,25.030625636850683,2.0644719185642413,1.849771772332317,0.264500275697303,-0.22811068080375857,0.2308035298053791,0.3963481988176356,0.20770901263698344
0.03666666666666667,0.6,40.21515922680871,3.106038697317489,1.9501469931377913,0.21242304116626898,0.51560234475626,0.19689353176485097,0.7090342542432331,0.18922211148815257
0.08833333333333333,0.7066666666666667,11.666338732391058,1.0202363903432474,2.5742777131195136,0.1972308014784321,-0.22717793935895134,0.20316671078063572,0.1589943102312382,0.18660781912330207
0.3516666666666667,0.8633333333333333,6.492779626675695,0.5168571446203047,1.9666166328226198,0.26643048654798496,0.08728989572042611,0.20342589182548784,0.21290408567847424,0.21879392682628337
0.475,0.9683333333333334,5.09352631339685,0.4413516998899683,2.6258899056082146,0.21516651302934328,1.0896416428455176,0.19824438767472105,0.7202644024403067,0.2019678686702149
0.011666666666666667,0.05,38.51314962174762,4.069979105656907,-1.1732223854201997,0.3699783238632547,0.03759367545733517,0.35395240235280734,0.1761318906297249,0.3382386694233662
0.9483333333333334,0.505,7.720189481768633,1.1944294311421206,0.8366472294132431,0.5831783441410316,0.33660855658106775,0.3523624059205599,0.4189728725053756,0.3197143265896528
0.7833333333333333,0.058333333333333334,20.872532014016556,8.954134746288874,1.3188753654359675,1.0140835992882076,-0.7631833929457382,1.0355087150052322,0.12111263260671966,0.6734653488537263
0.5383333333333333,0.6966666666666667,10.30968921456731,0.9806693587302395,2.1695374120280615,0.4072323273124104,1.732678837606231,0.3805036979545177,-0.6894915654460787,0.3470196997719992
0.5283333333333333,0.67,12.17557128688798,1.2322113428739505,2.3467445525331443,0.38796797360927254,1.1641548092799077,0.2703392270662026,-0.5017978161483166,0.26526954472943653
0.545,0.6916666666666667,10.205852570250222,0.9416397040168911,2.5755095229550093,0.254745826151179,1.0883660397317938,0.24674901803797045,-0.29109794574661874,0.2413643174217602
0.5616666666666666,0.6933333333333334,11.234918949914606,1.1993153592567158,2.02044099012795,0.2757636540613957,1.2813418285154585,0.24114960626798526,-0.5134624479978943,0.24366782598433914
0.6066666666666667,0.6783333333333333,9.222499925276663,2.37169495824784,1.7104119504987505,0.42300067297837074,0.7607703079577003,0.3493288497456291,0.28530886077227957,0.29728141873261776
0.6283333333333333,0.4533333333333333,14.988778977171648,1.395597305002955,1.9746022836612689,0.343659961444752,0.0860918036668846,0.26989955556823597,0.7836242814334651,0.28184960117196556
0.6516666666666666,0.5433333333333333,11.021018708396584,1.0062207512833004,2.4344944849349757,0.3367121634224923,0.9992619543814493,0.2593299229299535,0.7239616919353979,0.2637148276259799
0.7366666666666667,0.525,16.387011858554267,1.601050256172637,2.884014387834602,0.5877530127017769,-0.11685826407290024,0.5364312135849667,0.2021923304071109,0.32894462737975305
0.295,0.42833333333333334,22.120722788221656,1.999462076090559,3.6376703402304553,0.380084658697587,-0.6772613665871279,0.353905120142739,-0.4789717133113237,0.32826011117495646
0.5566666666666666,0.285,13.185130809442326,3.835030900366969,1.8665313095361973,0.9448810406871171,0.8506891449208585,0.4857362033153155,0.208440916132873,0.40208953956218146
0.7133333333333334,0.49166666666666664,9.71796507868291,0.9814580820553764,1.5722280924937417,0.49170325253997715,0.13885153862528832,0.3255424659611659,0.3915474188200546,0.32915425287479394
0.875,0.4816666666666667,6.4042686265987125,0.5585824294822985,-0.16840783974033083,0.24400764911967732,-1.1487198590116536,0.19133432714728754,1.9165406579305921,0.2060103833707525
0.825,0.40166666666666667,13.06666796774736,1.813643442371193,2.281604764215019,0.31925582668304403,0.9112602723286934,0.2897422426942175,-0.44578099346778655,0.26540067488399915
0.7016666666666667,0.6283333333333333,11.553782870703646,0.953519583092441,2.939431135670648,0.2304933810522041,1.3672737002958235,0.2185756865455759,-0.36914025841713927,0.21268329093398866
0.7316666666666667,0.6483333333333333,11.216405577787889,0.978767105543057,2.764868572516532,0.25367270931515734,1.6730807685667082,0.2275684920980588,-0.13596595890665972,0.23311606832747087
0.5133333333333333,0.5016666666666667,14.26673093965768,1.6817144912106095,3.7899074006246436,0.44207095977552824,0.05040942313190937,0.36184159758947965,0.5686741701615462,0.319396723309559
0.33166666666666667,0.58,20.784620359848716,2.146876604324865,2.9447021844016916,0.3034018349384482,-1.2160402896700868,0.2615265535946324,0.1344468367551168,0.27238130387879084
0.4033333333333333,0.18833333333333332,17.277256873394983,2.479384034991632,3.7464277214945807,0.3510237705696323,-0.7404998520889656,0.3898267220136373,0.5789115724856548,0.29120988586093804
0.135,0.043333333333333335,27.741245942445392,4.198470225495742,4.20471328464699,0.3362958126608724,-0.8467533930965421,0.34213867979472407,0.1544246037775812,0.28909478536809696
0.24166666666666667,0.5183333333333333,12.020592942381505,1.006418906090128,4.086148291862599,0.31984897645485916,-0.01778285315418974,0.24165278662887682,0.5357609922565545,0.24492457336263723
0.145,0.445,27.247419815057626,11.584139731500201,3.261228619262296,0.5133744841711642,-0.3285131067572675,0.2779911615516265,0.47062241085120404,0.27766567215075383
0.4033333333333333,0.26666666666666666,16.890740692292265,4.17474389493903,3.4006247344853446,0.6455469241688669,-0.4488231054638487,0.5035661989048608,0.5554769185889332,0.38938084451242716
0.49166666666666664,0.2,15.1029432536146,1.8900258986469678,3.7963984329904537,0.3973214636602059,-0.45352457185503053,0.3255651423245114,0.32000616713704166,0.2636832603089659
0.565,0.195,9.261553427441596,1.2490273499754483,3.878971970903551,0.4223867790551006,0.09550564837308327,0.30051965579615836,0.333400493437343,0.30148717293922367
0.49166666666666664,0.245,12.094644441790097,1.5479047263959378,4.712099965675683,0.424195111010985,0.29439873082389084,0.2599974360583169,0.17388043413578477,0.3533453027691084
0.42333333333333334,0.20833333333333334,14.309518242593098,3.1530083502577892,4.309593830389499,0.6654773798277981,0.029427776558441577,0.49338100508282445,0.8296345361467008,0.4081289595707056
